{
  "buttons": [
    {
      "id": 1,
      "title": "Formul\u00e1rio de cadastro da Biblioteca",
      "url": "https://docs.google.com/forms/d/e/1FAIpQLSeWdfrrpPsY26-RheK2tqWhFgxDKZGdPw539aDiHeON-pqDlQ/viewform?usp=dialog",
      "icon": "img/ico/ico1.png",
      "description": "Preencha este formul\u00e1rio para se cadastrar no sistema Pergamum e ter acesso aos servi\u00e7os da biblioteca. Lembre-se, o cadastro s\u00f3 est\u00e1 dispon\u00edvel atrav\u00e9s do e-mail institucional.",
      "order": 1
    },
    {
      "id": 2,
      "title": "Acesso a plataforma Pergamum da Biblioteca",
      "url": "https://pergamum.upe.br",
      "icon": "img/ico/ico9.png",
      "description": "Acesse a plataforma Pergamum para a pesquisa de livros e renova\u00e7\u00e3o de livros emprestados.",
      "order": 2
    },
    {
      "id": 3,
      "title": "Minha Biblioteca",
      "url": "https://dliportal.zbra.com.br/Login.aspx?key=UPE",
      "icon": "img/ico/ico2.png",
      "description": "Acesse sua conta na biblioteca virtual. Utilize seu e-mail institucional e a senha padr\u00e3o da NBID",
      "order": 3
    },
    {
      "id": 4,
      "title": "Biblioteca Virtual",
      "url": "https://plataforma.bvirtual.com.br/Account/Login?redirectUrl=%2F",
      "icon": "img/ico/ico3.png",
      "description": "Acesso a milhares de livros digitais e recursos educacionais online utilizando seu e-mail institucional e a senha que voc\u00ea criou.",
      "order": 4
    },
    {
      "id": 5,
      "title": "Editora UPE",
      "url": "https://www.edupe.upe.br/index.php/catalogo/ebooks-gratuitos",
      "icon": "img/ico/ico4.png",
      "description": "Explore as publica\u00e7\u00f5es acad\u00eamicas e e-books gratuitos da Editora da Universidade de Pernambuco.",
      "order": 5
    },
    {
      "id": 6,
      "title": "Cadastro nas plataformas digitais",
      "url": "https://docs.google.com/forms/d/e/1FAIpQLScOLA5FI1ukbKF04oDPnzO75LQ9nCuUjMawmykWda_SvadWKg/viewform",
      "icon": "img/ico/ico10.png",
      "description": "Solicite seu acesso \u00e0s plataformas de livros digitais. Lembre-se de utilizar seu e-mail institucional na solicita\u00e7\u00e3o",
      "order": 6
    },
    {
      "id": 7,
      "title": "Proview",
      "url": "https://proview.thomsonreuters.com/library.html?sponsor=FUDP-2",
      "icon": "img/ico/ico5.png",
      "description": "Plataforma de livros digitais t\u00e9cnicos e acad\u00eamicos da Thomson Reuters.",
      "order": 7
    },
    {
      "id": 8,
      "title": "Revista dos Tribunais",
      "url": "http://upe.br/anexos/fcap/publicacao.php",
      "icon": "img/ico/ico6.png",
      "description": "Acesso a artigos e publica\u00e7\u00f5es jur\u00eddicas da Revista dos Tribunais.",
      "order": 8
    },
    {
      "id": 9,
      "title": "Portal de Peri\u00f3dicos UPE",
      "url": "https://periodicos.upe.br/index.php/index/index",
      "icon": "img/ico/ico7.png",
      "description": "Peri\u00f3dicos acad\u00eamicos publicados pela Universidade de Pernambuco.",
      "order": 9
    },
    {
      "id": 10,
      "title": "Portal de Peri\u00f3dicos CAPES",
      "url": "https://www-periodicos-capes-gov-br.ez371.periodicos.capes.gov.br/index.php",
      "icon": "img/ico/ico8.png",
      "description": "Acesso a milhares de peri\u00f3dicos cient\u00edficos atrav\u00e9s do portal CAPES.",
      "order": 10
    }
  ]
}